iter	RMSE
0	11.62002174
1	11.53159955
2	11.44395553
3	11.35807345
4	11.27464865
5	11.19393536
6	11.11566222
7	11.03851026
8	10.96602901
9	10.89450995
10	10.82399631
11	10.75782717
12	10.65952183
13	10.59557178
