iter	RMSE
0	2.695817803
1	2.626305316
2	2.561122378
3	2.500174024
4	2.444061477
5	2.391511354
6	2.341659869
7	2.296551263
8	2.253755444
9	2.214094643
10	2.177908446
11	2.143241244
12	2.111265862
13	2.081624013
14	2.054289364
15	2.02896686
16	2.004946208
17	1.982754313
18	1.962691784
19	1.943713246
20	1.926649344
21	1.910846511
22	1.895780139
23	1.881885129
24	1.868913512
25	1.853353272
26	1.842223324
27	1.83167431
28	1.818721488
