iter	RMSE
0	8.7565727
1	8.638887743
2	8.523673806
3	8.411274732
4	8.302101539
5	8.196186492
6	8.092699581
7	7.99280341
8	7.895115262
9	7.799707099
10	7.704243433
11	7.613915991
12	7.523478912
13	7.437866796
